{
  "best_metric": null,
  "best_model_checkpoint": null,
  "epoch": 1.0,
  "eval_steps": 500,
  "global_step": 480,
  "is_hyper_param_search": false,
  "is_local_process_zero": true,
  "is_world_process_zero": true,
  "log_history": [
    {
      "epoch": 0.052083333333333336,
      "grad_norm": 1.8847777843475342,
      "learning_rate": 5e-05,
      "loss": 0.7556,
      "step": 25
    },
    {
      "epoch": 0.10416666666666667,
      "grad_norm": 1.0279196500778198,
      "learning_rate": 0.0001,
      "loss": 0.2721,
      "step": 50
    },
    {
      "epoch": 0.15625,
      "grad_norm": 0.28185102343559265,
      "learning_rate": 9.418604651162792e-05,
      "loss": 0.0994,
      "step": 75
    },
    {
      "epoch": 0.20833333333333334,
      "grad_norm": 0.22240391373634338,
      "learning_rate": 8.837209302325582e-05,
      "loss": 0.0689,
      "step": 100
    },
    {
      "epoch": 0.2604166666666667,
      "grad_norm": 0.18540267646312714,
      "learning_rate": 8.255813953488373e-05,
      "loss": 0.0648,
      "step": 125
    },
    {
      "epoch": 0.3125,
      "grad_norm": 0.18345557153224945,
      "learning_rate": 7.674418604651163e-05,
      "loss": 0.059,
      "step": 150
    },
    {
      "epoch": 0.3645833333333333,
      "grad_norm": 0.2566431164741516,
      "learning_rate": 7.093023255813955e-05,
      "loss": 0.0554,
      "step": 175
    },
    {
      "epoch": 0.4166666666666667,
      "grad_norm": 0.20792211592197418,
      "learning_rate": 6.511627906976745e-05,
      "loss": 0.0541,
      "step": 200
    },
    {
      "epoch": 0.46875,
      "grad_norm": 0.2248532623052597,
      "learning_rate": 5.9302325581395356e-05,
      "loss": 0.0496,
      "step": 225
    },
    {
      "epoch": 0.5208333333333334,
      "grad_norm": 0.1867765188217163,
      "learning_rate": 5.348837209302326e-05,
      "loss": 0.0464,
      "step": 250
    },
    {
      "epoch": 0.5729166666666666,
      "grad_norm": 0.1633586436510086,
      "learning_rate": 4.7674418604651164e-05,
      "loss": 0.0465,
      "step": 275
    },
    {
      "epoch": 0.625,
      "grad_norm": 0.15780729055404663,
      "learning_rate": 4.186046511627907e-05,
      "loss": 0.0466,
      "step": 300
    },
    {
      "epoch": 0.6770833333333334,
      "grad_norm": 0.17622384428977966,
      "learning_rate": 3.604651162790698e-05,
      "loss": 0.0443,
      "step": 325
    },
    {
      "epoch": 0.7291666666666666,
      "grad_norm": 0.1996086835861206,
      "learning_rate": 3.0232558139534883e-05,
      "loss": 0.0449,
      "step": 350
    },
    {
      "epoch": 0.78125,
      "grad_norm": 0.19244204461574554,
      "learning_rate": 2.441860465116279e-05,
      "loss": 0.0448,
      "step": 375
    },
    {
      "epoch": 0.8333333333333334,
      "grad_norm": 0.1728304624557495,
      "learning_rate": 1.8604651162790697e-05,
      "loss": 0.044,
      "step": 400
    },
    {
      "epoch": 0.8854166666666666,
      "grad_norm": 0.1658012866973877,
      "learning_rate": 1.2790697674418606e-05,
      "loss": 0.0428,
      "step": 425
    },
    {
      "epoch": 0.9375,
      "grad_norm": 0.15674443542957306,
      "learning_rate": 6.976744186046512e-06,
      "loss": 0.0443,
      "step": 450
    },
    {
      "epoch": 0.9895833333333334,
      "grad_norm": 0.18444523215293884,
      "learning_rate": 1.1627906976744186e-06,
      "loss": 0.0436,
      "step": 475
    }
  ],
  "logging_steps": 25,
  "max_steps": 480,
  "num_input_tokens_seen": 0,
  "num_train_epochs": 1,
  "save_steps": 250,
  "stateful_callbacks": {
    "TrainerControl": {
      "args": {
        "should_epoch_stop": false,
        "should_evaluate": false,
        "should_log": false,
        "should_save": true,
        "should_training_stop": true
      },
      "attributes": {}
    }
  },
  "total_flos": 1.3671337188088934e+17,
  "train_batch_size": 4,
  "trial_name": null,
  "trial_params": null
}
